artID,title,taglist,Likes_count,Comments_count
158,Miss fof,"['game', 'Game Art']",3,1
157,Ảnh AI ,"['noai', '3d design', 'Charater Design', 'Textures  Materials']",0,0
156,OncePiece,"['one piece', 'anime', 'Comic Art', 'Fantasy']",1,0
155,Po Ro Liên mình,"['game', 'lmht', 'Game Art', 'Comic Art', 'Charater Design']",1,0
154,pHone Logo 3D,"['instagram', 'Textures  Materials']",1,0
153,Con CÚ,"['animal', 'Animals  Wildlife']",0,0
152,Mới tạo nhé,"['game', 'Textures  Materials']",1,0
151,anh tín lake,"['game', 'Textures  Materials']",1,0
150,Gái Thái,"['human', 'thailand', 'Environmental Concept Art  Design', 'Charater Design']",0,0
149,Bẹc giê,"['con cho', 'Animals  Wildlife']",1,0
148,Mẹc se đét,"['3d design', 'Textures  Materials']",0,0
126,Warrior,"['wlop', 'ghost blade', 'digital 2d', 'instagram', 'Comic Art', 'Fantasy']",1,0
125,Dance,"['ghost blade', 'wlop', 'digital 2d', 'illustration', 'Comic Art', 'Fantasy']",0,0
124,Army,"['wlop', 'ghost blade', 'digital 2d', 'Illustration', 'noai', 'Fantasy', 'Comic Art']",0,0
123,Winter,"['ghost blade', 'digital 2d', 'WLOP', 'Fantasy', 'Comic Art']",0,0
117,Girl,['Girl'],1,3
116,Castles,"['NoAi', 'Digital 3D']",0,0
90,mới đổi ảnh,"['hello', '12321', '123213']",0,0
87,Fish Colorfull,['fish'],0,0
86,Car Yellow,['car'],1,1
85,Zoro Anime Wallpaper,"['one piece', 'zoro', 'anime']",0,0
84,Moutain,['moutain'],0,0
83,Gif Christmas,"['gift', 'christ mas']",0,0
82,Shoes,['shoes'],0,0
81,Dog,['dog'],0,0
80,Robin OnePice,"['anime', 'robin', 'one piece']",1,1
79,Pig Animal,"['animal', 'pig']",0,0
78,House,['house'],0,0
77,Instagram Logo 3D,"['instagram', '3D Design']",0,0
76,Amine Character,['anime'],1,0
75,Car model,"['car', 'model', '3D Design']",1,0
74,Yone hoa linh,"['yone', 'lmht']",0,0
73,Coffe In morning,['coffee'],0,0
72,Robot Model,"['3D Design', 'robot']",1,0
71,Babie Model ,"['3D Design', 'doll']",0,0
70,Monter,"['game', 'monster']",1,1
69,Teemo Bee,"['game', 'teemo']",1,1
68,Sea Background 4K,"['sea', 'beach']",0,0
